team_id,shirt_number,player_name,position,rarity
algeria,1,Melvin Mastil,Goalkeeper,rare
algeria,2,Aïssa Mandi,Defender,common
algeria,3,Achref Abada,Defender,rare
algeria,4,Mohamed Amine Tougai,Defender,rare
algeria,5,Zineddine Belaïd,Defender,rare
algeria,6,Ramiz Zerrouki,Midfielder,common
algeria,7,Riyad Mahrez,Forward,rare
algeria,8,Houssem Aouar,Midfielder,epic
algeria,9,Amine Gouiri,Forward,epic
algeria,10,Farès Chaïbi,Midfielder,epic
algeria,11,Anis Hadj Moussa,Forward,epic
algeria,12,Nadhir Benbouali,Forward,rare
algeria,13,Jaouen Hadjam,Defender,common
algeria,14,Hicham Boudaoui,Midfielder,common
algeria,15,Rayan Aït-Nouri,Defender,common
algeria,16,Oussama Benbot,Goalkeeper,common
algeria,17,Rafik Belghali,Defender,common
algeria,18,Mohamed Amoura,Forward,rare
algeria,19,Nabil Bentaleb,Midfielder,common
algeria,20,Adil Boulbina,Forward,rare
algeria,21,Ramy Bensebaini,Defender,common
algeria,22,Ibrahim Maza,Midfielder,common
algeria,23,Luca Zidane,Goalkeeper,common
algeria,24,Yacine Titraoui,Midfielder,common
algeria,25,Farès Ghedjemis,Forward,rare
algeria,26,Samir Chergui,Defender,common
argentina,1,Juan Musso,Goalkeeper,rare
argentina,2,Leonardo Balerdi,Defender,common
argentina,3,Nicolás Tagliafico,Defender,rare
argentina,4,Gonzalo Montiel,Defender,rare
argentina,5,Leandro Paredes,Midfielder,common
argentina,6,Lisandro Martínez,Defender,common
argentina,7,Rodrigo De Paul,Midfielder,common
argentina,8,Valentín Barco,Midfielder,epic
argentina,9,Julián Alvarez,Forward,epic
argentina,10,Lionel Messi,Forward,legendary
argentina,11,Giovani Lo Celso,Midfielder,common
argentina,12,Gerónimo Rulli,Goalkeeper,rare
argentina,13,Cristian Romero,Defender,common
argentina,14,Exequiel Palacios,Midfielder,common
argentina,15,Nicolás González,Midfielder,common
argentina,16,Thiago Almada,Forward,rare
argentina,17,Giuliano Simeone,Forward,rare
argentina,18,Nico Paz,Forward,rare
argentina,19,Nicolás Otamendi,Defender,common
argentina,20,Alexis Mac Allister,Midfielder,common
argentina,21,José Manuel López,Forward,rare
argentina,22,Lautaro Martínez,Forward,rare
argentina,23,Emiliano Martínez,Goalkeeper,common
argentina,24,Enzo Fernández,Midfielder,common
argentina,25,Facundo Medina,Defender,common
argentina,26,Nahuel Molina,Defender,common
australia,1,Mathew Ryan,Goalkeeper,rare
australia,2,Miloš Degenek,Defender,common
australia,3,Alessandro Circati,Defender,rare
australia,4,Jacob Italiano,Defender,rare
australia,5,Jordan Bos,Defender,rare
australia,6,Jason Geria,Defender,common
australia,7,Mathew Leckie,Forward,rare
australia,8,Connor Metcalfe,Midfielder,epic
australia,9,Mohamed Touré,Forward,epic
australia,10,Ajdin Hrustic,Forward,epic
australia,11,Awer Mabil,Forward,epic
australia,12,Paul Izzo,Goalkeeper,rare
australia,13,Aiden O'Neill,Midfielder,common
australia,14,Cammy Devlin,Midfielder,common
australia,15,Kai Trewin,Defender,common
australia,16,Aziz Behich,Defender,common
australia,17,Nestory Irankunda,Forward,rare
australia,18,Patrick Beach,Goalkeeper,common
australia,19,Harry Souttar,Defender,common
australia,20,Cristian Volpato,Forward,rare
australia,21,Cameron Burgess,Defender,common
australia,22,Jackson Irvine,Midfielder,common
australia,23,Nishan Velupillay,Forward,rare
australia,24,Paul Okon-Engstler,Midfielder,common
australia,25,Lucas Herrington,Defender,common
australia,26,Tete Yengi,Forward,rare
austria,1,Alexander Schlager,Goalkeeper,rare
austria,2,David Affengruber,Defender,common
austria,3,Kevin Danso,Defender,rare
austria,4,Xaver Schlager,Midfielder,common
austria,5,Stefan Posch,Defender,rare
austria,6,Nicolas Seiwald,Midfielder,common
austria,7,Marko Arnautović,Forward,legendary
austria,8,David Alaba,Defender,legendary
austria,9,Marcel Sabitzer,Midfielder,legendary
austria,10,Florian Grillitsch,Midfielder,epic
austria,11,Michael Gregoritsch,Forward,epic
austria,12,Florian Wiegele,Goalkeeper,rare
austria,13,Patrick Pentz,Goalkeeper,rare
austria,14,Saša Kalajdžić,Forward,rare
austria,15,Philipp Lienhart,Defender,common
austria,16,Phillipp Mwene,Defender,common
austria,17,Carney Chukwuemeka,Midfielder,common
austria,18,Romano Schmid,Midfielder,common
austria,19,Christoph Baumgartner,Midfielder,common
austria,20,Konrad Laimer,Midfielder,common
austria,21,Patrick Wimmer,Forward,rare
austria,22,Alexander Prass,Midfielder,common
austria,23,Marco Friedl,Defender,common
austria,24,Paul Wanner,Midfielder,common
austria,25,Michael Svoboda,Defender,common
austria,26,Alessandro Schöpf,Midfielder,common
belgium,1,Thibaut Courtois,Goalkeeper,rare
belgium,2,Zeno Debast,Defender,common
belgium,3,Arthur Theate,Defender,rare
belgium,4,Brandon Mechele,Defender,rare
belgium,5,Maxim De Cuyper,Defender,rare
belgium,6,Axel Witsel,Midfielder,common
belgium,7,Kevin De Bruyne,Midfielder,legendary
belgium,8,Youri Tielemans,Midfielder,epic
belgium,9,Romelu Lukaku,Forward,epic
belgium,10,Leandro Trossard,Forward,epic
belgium,11,Jérémy Doku,Forward,epic
belgium,12,Senne Lammens,Goalkeeper,rare
belgium,13,Mike Penders,Goalkeeper,rare
belgium,14,Dodi Lukébakio,Forward,rare
belgium,15,Thomas Meunier,Defender,common
belgium,16,Koni De Winter,Defender,common
belgium,17,Charles De Ketelaere,Forward,rare
belgium,18,Joaquin Seys,Defender,common
belgium,19,Diego Moreira,Midfielder,common
belgium,20,Hans Vanaken,Midfielder,common
belgium,21,Timothy Castagne,Defender,common
belgium,22,Alexis Saelemaekers,Midfielder,common
belgium,23,Nicolas Raskin,Midfielder,common
belgium,24,Amadou Onana,Midfielder,common
belgium,25,Nathan Ngoy,Defender,common
belgium,26,Matias Fernandez-Pardo,Forward,rare
bosnia_herzegovina,1,Nikola Vasilj,Goalkeeper,rare
bosnia_herzegovina,2,Nihad Mujakić,Defender,common
bosnia_herzegovina,3,Dennis Hadžikadunić,Defender,rare
bosnia_herzegovina,4,Tarik Muharemović,Defender,rare
bosnia_herzegovina,5,Sead Kolašinac,Defender,rare
bosnia_herzegovina,6,Benjamin Tahirović,Midfielder,common
bosnia_herzegovina,7,Amar Dedić,Defender,common
bosnia_herzegovina,8,Armin Gigović,Midfielder,epic
bosnia_herzegovina,9,Samed Baždar,Forward,epic
bosnia_herzegovina,10,Ermedin Demirović,Forward,epic
bosnia_herzegovina,11,Edin Džeko,Forward,epic
bosnia_herzegovina,12,Mladen Jurkas,Goalkeeper,rare
bosnia_herzegovina,13,Ivan Bašić,Midfielder,common
bosnia_herzegovina,14,Ivan Šunjić,Midfielder,common
bosnia_herzegovina,15,Amar Memić,Midfielder,common
bosnia_herzegovina,16,Amir Hadžiahmetović,Midfielder,common
bosnia_herzegovina,17,Dženis Burnić,Midfielder,common
bosnia_herzegovina,18,Nikola Katić,Defender,common
bosnia_herzegovina,19,Kerim Alajbegović,Forward,rare
bosnia_herzegovina,20,Esmir Bajraktarević,Forward,rare
bosnia_herzegovina,21,Stjepan Radeljić,Defender,common
bosnia_herzegovina,22,Martin Zlomislić,Goalkeeper,common
bosnia_herzegovina,23,Haris Tabaković,Forward,rare
bosnia_herzegovina,24,Nidal Čelik,Defender,common
bosnia_herzegovina,25,Jovo Lukić,Forward,rare
bosnia_herzegovina,26,Ermin Mahmić,Midfielder,common
brazil,1,Alisson,Goalkeeper,rare
brazil,2,Wesley,Defender,common
brazil,3,Gabriel Magalhães,Defender,rare
brazil,4,Marquinhos,Defender,rare
brazil,5,Casemiro,Midfielder,common
brazil,6,Alex Sandro,Defender,common
brazil,7,Vinícius Júnior,Forward,legendary
brazil,8,Bruno Guimarães,Midfielder,epic
brazil,9,Matheus Cunha,Forward,epic
brazil,10,Neymar,Forward,legendary
brazil,11,Raphinha,Forward,epic
brazil,12,Weverton,Goalkeeper,rare
brazil,13,Danilo Luiz,Defender,common
brazil,14,Bremer,Defender,common
brazil,15,Léo Pereira,Defender,common
brazil,16,Douglas Santos,Defender,common
brazil,17,Fabinho,Midfielder,common
brazil,18,Danilo Santos,Midfielder,common
brazil,19,Endrick,Forward,rare
brazil,20,Lucas Paquetá,Midfielder,common
brazil,21,Luiz Henrique,Forward,rare
brazil,22,Gabriel Martinelli,Forward,rare
brazil,23,Ederson,Goalkeeper,common
brazil,24,Roger Ibañez,Defender,common
brazil,25,Igor Thiago,Forward,rare
brazil,26,Rayan,Forward,rare
canada,1,Dayne St. Clair,Goalkeeper,rare
canada,2,Alistair Johnston,Defender,common
canada,3,Alfie Jones,Defender,rare
canada,4,Luc de Fougerolles,Defender,rare
canada,5,Joel Waterman,Defender,rare
canada,6,Mathieu Choinière,Midfielder,common
canada,7,Stephen Eustáquio,Midfielder,common
canada,8,Ismaël Koné,Midfielder,epic
canada,9,Cyle Larin,Forward,epic
canada,10,Jonathan David,Forward,legendary
canada,11,Liam Millar,Midfielder,common
canada,12,Tani Oluwaseyi,Forward,rare
canada,13,Derek Cornelius,Defender,common
canada,14,Jacob Shaffelburg,Midfielder,common
canada,15,Moïse Bombito,Defender,common
canada,16,Maxime Crépeau,Goalkeeper,common
canada,17,Tajon Buchanan,Forward,rare
canada,18,Owen Goodman,Goalkeeper,common
canada,19,Alphonso Davies,Defender,legendary
canada,20,Ali Ahmed,Forward,rare
canada,21,Jonathan Osorio,Midfielder,common
canada,22,Richie Laryea,Defender,common
canada,23,Niko Sigur,Defender,common
canada,24,Promise David,Forward,rare
canada,25,Nathan Saliba,Midfielder,common
canada,26,Marcelo Flores,Midfielder,common
cape_verde,1,Vozinha,Goalkeeper,rare
cape_verde,2,Stopira,Defender,common
cape_verde,3,Diney,Defender,rare
cape_verde,4,Roberto Lopes,Defender,rare
cape_verde,5,Logan Costa,Defender,rare
cape_verde,6,Kevin Pina,Midfielder,common
cape_verde,7,Jovane Cabral,Midfielder,common
cape_verde,8,João Paulo,Midfielder,epic
cape_verde,9,Gilson Benchimol,Forward,epic
cape_verde,10,Jamiro Monteiro,Midfielder,epic
cape_verde,11,Garry Rodrigues,Midfielder,common
cape_verde,12,Márcio Rosa,Goalkeeper,rare
cape_verde,13,Sidny Lopes Cabral,Defender,common
cape_verde,14,Deroy Duarte,Midfielder,common
cape_verde,15,Laros Duarte,Midfielder,common
cape_verde,16,Yannick Semedo,Midfielder,common
cape_verde,17,Willy Semedo,Midfielder,common
cape_verde,18,Telmo Arcanjo,Midfielder,common
cape_verde,19,Dailon Livramento,Forward,rare
cape_verde,20,Ryan Mendes,Forward,rare
cape_verde,21,Nuno da Costa,Midfielder,common
cape_verde,22,Steven Moreira,Defender,common
cape_verde,23,CJ dos Santos,Goalkeeper,common
cape_verde,24,Wagner Pina,Defender,common
cape_verde,25,Kelvin Pires,Defender,common
cape_verde,26,Hélio Varela,Midfielder,common
colombia,1,David Ospina,Goalkeeper,rare
colombia,2,Daniel Muñoz,Defender,common
colombia,3,Jhon Lucumí,Defender,rare
colombia,4,Santiago Arias,Defender,rare
colombia,5,Kevin Castaño,Midfielder,common
colombia,6,Richard Ríos,Midfielder,common
colombia,7,Luis Díaz,Forward,rare
colombia,8,Jorge Carrascal,Midfielder,epic
colombia,9,Jhon Córdoba,Forward,epic
colombia,10,James Rodríguez,Midfielder,epic
colombia,11,Jhon Arias,Midfielder,common
colombia,12,Camilo Vargas,Goalkeeper,rare
colombia,13,Yerry Mina,Defender,common
colombia,14,Gustavo Puerta,Defender,common
colombia,15,Juan Portilla,Midfielder,common
colombia,16,Jefferson Lerma,Midfielder,common
colombia,17,Johan Mojica,Defender,common
colombia,18,Willer Ditta,Defender,common
colombia,19,Cucho Hernández,Forward,rare
colombia,20,Juan Fernando Quintero,Midfielder,common
colombia,21,Jaminton Campaz,Forward,rare
colombia,22,Deiver Machado,Defender,common
colombia,23,Davinson Sánchez,Defender,common
colombia,24,Álvaro Montero,Goalkeeper,common
colombia,25,Luis Suárez,Forward,rare
colombia,26,Andrés Gómez,Forward,rare
croatia,1,Dominik Livaković,Goalkeeper,rare
croatia,2,Josip Stanišić,Defender,common
croatia,3,Marin Pongračić,Defender,rare
croatia,4,Joško Gvardiol,Defender,rare
croatia,5,Duje Ćaleta-Car,Defender,rare
croatia,6,Josip Šutalo,Defender,common
croatia,7,Nikola Moro,Midfielder,common
croatia,8,Mateo Kovačić,Midfielder,epic
croatia,9,Andrej Kramarić,Forward,epic
croatia,10,Luka Modrić,Midfielder,legendary
croatia,11,Ante Budimir,Forward,epic
croatia,12,Ivor Pandur,Goalkeeper,rare
croatia,13,Nikola Vlašić,Midfielder,common
croatia,14,Ivan Perišić,Forward,rare
croatia,15,Mario Pašalić,Midfielder,common
croatia,16,Martin Baturina,Midfielder,common
croatia,17,Petar Sučić,Midfielder,common
croatia,18,Kristijan Jakić,Defender,common
croatia,19,Toni Fruk,Midfielder,common
croatia,20,Igor Matanović,Forward,rare
croatia,21,Luka Sučić,Midfielder,common
croatia,22,Luka Vušković,Defender,common
croatia,23,Dominik Kotarski,Goalkeeper,common
croatia,24,Marco Pašalić,Forward,rare
croatia,25,Martin Erlić,Defender,common
croatia,26,Petar Musa,Forward,rare
curacao,1,Eloy Room,Goalkeeper,rare
curacao,2,Shurandy Sambo,Defender,common
curacao,3,Juriën Gaari,Defender,rare
curacao,4,Roshon van Eijma,Defender,rare
curacao,5,Sherel Floranus,Defender,rare
curacao,6,Godfried Roemeratoe,Midfielder,common
curacao,7,Juninho Bacuna,Midfielder,common
curacao,8,Livano Comenencia,Midfielder,epic
curacao,9,Jürgen Locadia,Forward,epic
curacao,10,Leandro Bacuna,Midfielder,epic
curacao,11,Jeremy Antonisse,Forward,epic
curacao,12,Sontje Hansen,Forward,rare
curacao,13,Tyrese Noslin,Forward,rare
curacao,14,Kenji Gorré,Forward,rare
curacao,15,Ar'jany Martha,Midfielder,common
curacao,16,Jearl Margaritha,Forward,rare
curacao,17,Brandley Kuwas,Forward,rare
curacao,18,Armando Obispo,Defender,common
curacao,19,Gervane Kastaneer,Forward,rare
curacao,20,Joshua Brenet,Defender,common
curacao,21,Tahith Chong,Midfielder,common
curacao,22,Kevin Felida,Midfielder,common
curacao,23,Riechedly Bazoer,Defender,common
curacao,24,Deveron Fonville,Defender,common
curacao,25,Tyrick Bodak,Goalkeeper,common
curacao,26,Trevor Doornbusch,Goalkeeper,common
czechia,1,Matěj Kovář,Goalkeeper,rare
czechia,2,David Zima,Defender,common
czechia,3,Tomáš Holeš,Defender,rare
czechia,4,Robin Hranáč,Defender,rare
czechia,5,Vladimír Coufal,Defender,rare
czechia,6,Štěpán Chaloupek,Defender,common
czechia,7,Ladislav Krejčí,Defender,common
czechia,8,Vladimír Darida,Midfielder,epic
czechia,9,Adam Hložek,Forward,epic
czechia,10,Patrik Schick,Forward,epic
czechia,11,Jan Kuchta,Forward,epic
czechia,12,Lukáš Červ,Midfielder,common
czechia,13,Mojmír Chytil,Forward,rare
czechia,14,David Jurásek,Defender,common
czechia,15,Pavel Šulc,Forward,rare
czechia,16,Jindřich Staněk,Goalkeeper,common
czechia,17,Lukáš Provod,Midfielder,common
czechia,18,Michal Sadílek,Midfielder,common
czechia,19,Tomáš Chorý,Forward,rare
czechia,20,Jaroslav Zelený,Defender,common
czechia,21,David Douděra,Defender,common
czechia,22,Tomáš Souček,Midfielder,common
czechia,23,Lukáš Horníček,Goalkeeper,common
czechia,24,Alexandr Sojka,Midfielder,common
czechia,25,Hugo Sochůrek,Midfielder,common
czechia,26,Denis Višinský,Forward,rare
dr_congo,1,Lionel Mpasi,Goalkeeper,rare
dr_congo,2,Aaron Wan-Bissaka,Defender,common
dr_congo,3,Steve Kapuadi,Defender,rare
dr_congo,4,Axel Tuanzebe,Defender,rare
dr_congo,5,Dylan Batubinsika,Defender,rare
dr_congo,6,Ngal'ayel Mukau,Midfielder,common
dr_congo,7,Nathanaël Mbuku,Midfielder,common
dr_congo,8,Samuel Moutoussamy,Midfielder,epic
dr_congo,9,Brian Cipenga,Forward,epic
dr_congo,10,Théo Bongonda,Midfielder,epic
dr_congo,11,Gaël Kakuta,Forward,epic
dr_congo,12,Joris Kayembe,Defender,common
dr_congo,13,Meschak Elia,Forward,rare
dr_congo,14,Noah Sadiki,Midfielder,common
dr_congo,15,Aaron Tshibola,Midfielder,common
dr_congo,16,Timothy Fayulu,Goalkeeper,common
dr_congo,17,Cédric Bakambu,Forward,rare
dr_congo,18,Charles Pickel,Midfielder,common
dr_congo,19,Fiston Mayele,Forward,rare
dr_congo,20,Yoane Wissa,Forward,rare
dr_congo,21,Matthieu Epolo,Goalkeeper,common
dr_congo,22,Chancel Mbemba,Defender,common
dr_congo,23,Simon Banza,Forward,rare
dr_congo,24,Gédéon Kalulu,Defender,common
dr_congo,25,Edo Kayembe,Midfielder,common
dr_congo,26,Arthur Masuaku,Defender,common
ecuador,1,Hernán Galíndez,Goalkeeper,rare
ecuador,2,Félix Torres,Defender,common
ecuador,3,Piero Hincapié,Defender,rare
ecuador,4,Joel Ordóñez,Defender,rare
ecuador,5,Jordy Alcívar,Midfielder,common
ecuador,6,Willian Pacho,Defender,common
ecuador,7,Pervis Estupiñán,Defender,common
ecuador,8,Anthony Valencia,Midfielder,epic
ecuador,9,John Yeboah,Forward,epic
ecuador,10,Kendry Páez,Midfielder,epic
ecuador,11,Kevin Rodríguez,Forward,epic
ecuador,12,Moisés Ramírez,Goalkeeper,rare
ecuador,13,Enner Valencia,Forward,rare
ecuador,14,Alan Minda,Midfielder,common
ecuador,15,Pedro Vite,Midfielder,common
ecuador,16,Jordy Caicedo,Forward,rare
ecuador,17,Ángelo Preciado,Defender,common
ecuador,18,Denil Castillo,Midfielder,common
ecuador,19,Gonzalo Plata,Forward,rare
ecuador,20,Nilson Angulo,Forward,rare
ecuador,21,Alan Franco,Midfielder,common
ecuador,22,Gonzalo Valle,Goalkeeper,common
ecuador,23,Moisés Caicedo,Midfielder,common
ecuador,24,Jeremy Arévalo,Forward,rare
ecuador,25,Jackson Porozo,Defender,common
ecuador,26,Yaimar Medina,Defender,common
egypt,1,Mohamed El Shenawy,Goalkeeper,rare
egypt,2,Yasser Ibrahim,Defender,common
egypt,3,Mohamed Hany,Defender,rare
egypt,4,Hossam Abdelmaguid,Defender,rare
egypt,5,Ramy Rabia,Defender,rare
egypt,6,Mohamed Abdelmonem,Defender,common
egypt,7,Trézéguet,Forward,rare
egypt,8,Emam Ashour,Midfielder,epic
egypt,9,Hamza Abdelkarim,Forward,epic
egypt,10,Mohamed Salah,Forward,epic
egypt,11,Mostafa Ziko,Midfielder,common
egypt,12,Haissem Hassan,Forward,rare
egypt,13,Ahmed Fatouh,Defender,common
egypt,14,Hamdy Fathy,Midfielder,common
egypt,15,Karim Hafez,Defender,common
egypt,16,El Mahdy Soliman,Goalkeeper,common
egypt,17,Mohanad Lasheen,Midfielder,common
egypt,18,Nabil Emad,Midfielder,common
egypt,19,Marwan Attia,Midfielder,common
egypt,20,Ibrahim Adel,Forward,rare
egypt,21,Mahmoud Saber,Midfielder,common
egypt,22,Omar Marmoush,Forward,rare
egypt,23,Mostafa Shobeir,Goalkeeper,common
egypt,24,Tarek Alaa,Defender,common
egypt,25,Zizo,Forward,rare
egypt,26,Mohamed Alaa,Goalkeeper,common
england,1,Jordan Pickford,Goalkeeper,rare
england,2,Ezri Konsa,Defender,common
england,3,Nico O'Reilly,Defender,rare
england,4,Declan Rice,Midfielder,common
england,5,John Stones,Defender,rare
england,6,Marc Guéhi,Defender,common
england,7,Bukayo Saka,Forward,rare
england,8,Elliot Anderson,Midfielder,epic
england,9,Harry Kane,Forward,legendary
england,10,Jude Bellingham,Midfielder,legendary
england,11,Marcus Rashford,Forward,epic
england,12,Tino Livramento,Defender,common
england,13,Dean Henderson,Goalkeeper,rare
england,14,Jordan Henderson,Midfielder,common
england,15,Dan Burn,Defender,common
england,16,Kobbie Mainoo,Midfielder,common
england,17,Morgan Rogers,Midfielder,common
england,18,Anthony Gordon,Forward,rare
england,19,Ollie Watkins,Forward,rare
england,20,Noni Madueke,Forward,rare
england,21,Eberechi Eze,Midfielder,common
england,22,Ivan Toney,Forward,rare
england,23,James Trafford,Goalkeeper,common
england,24,Reece James,Defender,common
england,25,Djed Spence,Defender,common
england,26,Jarell Quansah,Defender,common
france,1,Brice Samba,Goalkeeper,rare
france,2,Malo Gusto,Defender,common
france,3,Lucas Digne,Defender,rare
france,4,Dayot Upamecano,Defender,rare
france,5,Jules Koundé,Defender,rare
france,6,Manu Koné,Midfielder,common
france,7,Ousmane Dembélé,Forward,rare
france,8,Aurélien Tchouaméni,Midfielder,epic
france,9,Marcus Thuram,Forward,epic
france,10,Kylian Mbappé,Forward,legendary
france,11,Michael Olise,Forward,epic
france,12,Bradley Barcola,Forward,rare
france,13,N'Golo Kanté,Midfielder,common
france,14,Adrien Rabiot,Midfielder,common
france,15,Ibrahima Konaté,Defender,common
france,16,Mike Maignan,Goalkeeper,common
france,17,William Saliba,Defender,common
france,18,Warren Zaïre-Emery,Midfielder,common
france,19,Théo Hernandez,Defender,common
france,20,Désiré Doué,Forward,rare
france,21,Lucas Hernandez,Defender,common
france,22,Jean-Philippe Mateta,Forward,rare
france,23,Robin Risser,Goalkeeper,common
france,24,Rayan Cherki,Midfielder,common
france,25,Maghnes Akliouche,Midfielder,common
france,26,Maxence Lacroix,Defender,common
germany,1,Manuel Neuer,Goalkeeper,rare
germany,2,Antonio Rüdiger,Defender,common
germany,3,Waldemar Anton,Defender,rare
germany,4,Jonathan Tah,Defender,rare
germany,5,Aleksandar Pavlović,Midfielder,common
germany,6,Joshua Kimmich,Defender,common
germany,7,Kai Havertz,Forward,rare
germany,8,Leon Goretzka,Midfielder,epic
germany,9,Jamie Leweling,Midfielder,common
germany,10,Jamal Musiala,Midfielder,legendary
germany,11,Nick Woltemade,Forward,epic
germany,12,Oliver Baumann,Goalkeeper,rare
germany,13,Pascal Groß,Midfielder,common
germany,14,Maximilian Beier,Forward,rare
germany,15,Nico Schlotterbeck,Defender,common
germany,16,Angelo Stiller,Midfielder,common
germany,17,Florian Wirtz,Midfielder,legendary
germany,18,Nathaniel Brown,Defender,common
germany,19,Leroy Sané,Midfielder,common
germany,20,Nadiem Amiri,Midfielder,common
germany,21,Alexander Nübel,Goalkeeper,common
germany,22,David Raum,Defender,common
germany,23,Felix Nmecha,Midfielder,common
germany,24,Malick Thiaw,Defender,common
germany,25,Lennart Karl,Midfielder,common
germany,26,Deniz Undav,Forward,rare
ghana,1,Lawrence Ati-Zigi,Goalkeeper,rare
ghana,2,Alidu Seidu,Defender,common
ghana,3,Caleb Yirenkyi,Midfielder,common
ghana,4,Jonas Adjetey,Defender,rare
ghana,5,Thomas Partey,Midfielder,common
ghana,6,Abdul Mumin,Defender,common
ghana,7,Abdul Fatawu,Forward,rare
ghana,8,Kwasi Sibo,Midfielder,epic
ghana,9,Jordan Ayew,Forward,epic
ghana,10,Brandon Thomas-Asante,Forward,epic
ghana,11,Antoine Semenyo,Midfielder,common
ghana,12,Joseph Anang,Goalkeeper,rare
ghana,13,Christopher Bonsu Baah,Forward,rare
ghana,14,Gideon Mensah,Defender,common
ghana,15,Elisha Owusu,Midfielder,common
ghana,16,Benjamin Asare,Goalkeeper,common
ghana,17,Abdul Rahman Baba,Defender,common
ghana,18,Jerome Opoku,Defender,common
ghana,19,Iñaki Williams,Forward,rare
ghana,20,Augustine Boakye,Midfielder,common
ghana,21,Kojo Peprah Oppong,Defender,common
ghana,22,Kamaldeen Sulemana,Forward,rare
ghana,23,Derrick Luckassen,Defender,common
ghana,24,Ernest Nuamah,Forward,rare
ghana,25,Prince Kwabena Adu,Forward,rare
ghana,26,Marvin Senaya,Defender,common
haiti,1,Johny Placide,Goalkeeper,rare
haiti,2,Carlens Arcus,Defender,common
haiti,3,Keeto Thermoncy,Defender,rare
haiti,4,Ricardo Adé,Defender,rare
haiti,5,Hannes Delcroix,Defender,rare
haiti,6,Carl Sainté,Midfielder,common
haiti,7,Derrick Etienne Jr.,Forward,rare
haiti,8,Martin Expérience,Defender,common
haiti,9,Duckens Nazon,Forward,epic
haiti,10,Jean-Ricner Bellegarde,Midfielder,epic
haiti,11,Louicius Deedson,Forward,epic
haiti,12,Alexandre Pierre,Goalkeeper,rare
haiti,13,Duke Lacroix,Defender,common
haiti,14,Leverton Pierre,Midfielder,common
haiti,15,Ruben Providence,Forward,rare
haiti,16,Lenny Joseph,Forward,rare
haiti,17,Danley Jean Jacques,Midfielder,common
haiti,18,Wilson Isidor,Forward,rare
haiti,19,Yassin Fortuné,Forward,rare
haiti,20,Frantzdy Pierrot,Forward,rare
haiti,21,Josué Casimir,Forward,rare
haiti,22,Jean-Kévin Duverne,Defender,common
haiti,23,Josué Duverger,Goalkeeper,common
haiti,24,Wilguens Paugain,Defender,common
haiti,25,Dominique Simon,Midfielder,common
haiti,26,Woodensky Pierre,Midfielder,common
iran,1,Alireza Beiranvand,Goalkeeper,rare
iran,2,Saleh Hardani,Defender,common
iran,3,Ehsan Hajsafi,Defender,rare
iran,4,Shojae Khalilzadeh,Defender,rare
iran,5,Milad Mohammadi,Defender,rare
iran,6,Saeid Ezatolahi,Midfielder,common
iran,7,Alireza Jahanbakhsh,Midfielder,common
iran,8,Mohammad Mohebi,Midfielder,epic
iran,9,Mehdi Taremi,Forward,epic
iran,10,Mehdi Ghayedi,Forward,epic
iran,11,Ali Alipour,Forward,epic
iran,12,Payam Niazmand,Goalkeeper,rare
iran,13,Hossein Kanaanizadegan,Defender,common
iran,14,Saman Ghoddos,Midfielder,common
iran,15,Rouzbeh Cheshmi,Midfielder,common
iran,16,Mehdi Torabi,Midfielder,common
iran,17,Aria Yousefi,Defender,common
iran,18,Amirhossein Hosseinzadeh,Forward,rare
iran,19,Ali Nemati,Defender,common
iran,20,Shahriyar Moghanlou,Forward,rare
iran,21,Mohammad Ghorbani,Midfielder,common
iran,22,Hossein Hosseini,Goalkeeper,common
iran,23,Ramin Rezaeian,Defender,common
iran,24,Dennis Eckert,Forward,rare
iran,25,Danial Eiri,Defender,common
iran,26,Amirmohammad Razzaghinia,Midfielder,common
iraq,1,Fahad Talib,Goalkeeper,rare
iraq,2,Rebin Sulaka,Defender,common
iraq,3,Hussein Ali,Defender,rare
iraq,4,Zaid Tahseen,Defender,rare
iraq,5,Akam Hashim,Defender,rare
iraq,6,Manaf Younis,Defender,common
iraq,7,Youssef Amyn,Midfielder,common
iraq,8,Ibrahim Bayesh,Midfielder,epic
iraq,9,Ali Al-Hamadi,Forward,epic
iraq,10,Mohanad Ali,Forward,epic
iraq,11,Ahmed Qasem,Forward,epic
iraq,12,Jalal Hassan,Goalkeeper,rare
iraq,13,Ali Yousif,Forward,rare
iraq,14,Zidane Iqbal,Midfielder,common
iraq,15,Ahmed Yahya,Defender,common
iraq,16,Amir Al-Ammari,Midfielder,common
iraq,17,Ali Jasim,Forward,rare
iraq,18,Aymen Hussein,Forward,rare
iraq,19,Kevin Yakob,Midfielder,common
iraq,20,Aimar Sher,Midfielder,common
iraq,21,Marko Farji,Forward,rare
iraq,22,Ahmed Basil,Goalkeeper,common
iraq,23,Merchas Doski,Defender,common
iraq,24,Zaid Ismail,Midfielder,common
iraq,25,Mustafa Saadoon,Defender,common
iraq,26,Frans Putros,Defender,common
ivory_coast,1,Yahia Fofana,Goalkeeper,rare
ivory_coast,2,Ousmane Diomande,Defender,common
ivory_coast,3,Ghislain Konan,Defender,rare
ivory_coast,4,Jean Michaël Seri,Midfielder,common
ivory_coast,5,Wilfried Singo,Defender,rare
ivory_coast,6,Seko Fofana,Midfielder,common
ivory_coast,7,Odilon Kossounou,Defender,common
ivory_coast,8,Franck Kessié,Midfielder,epic
ivory_coast,9,Ange-Yoan Bonny,Forward,epic
ivory_coast,10,Simon Adingra,Forward,epic
ivory_coast,11,Yan Diomande,Forward,epic
ivory_coast,12,Elye Wahi,Forward,rare
ivory_coast,13,Christopher Opéri,Defender,common
ivory_coast,14,Oumar Diakité,Forward,rare
ivory_coast,15,Amad Diallo,Forward,rare
ivory_coast,16,Mohamed Koné,Goalkeeper,common
ivory_coast,17,Guéla Doué,Defender,common
ivory_coast,18,Ibrahim Sangaré,Midfielder,common
ivory_coast,19,Nicolas Pépé,Forward,rare
ivory_coast,20,Emmanuel Agbadou,Defender,common
ivory_coast,21,Evan Ndicka,Defender,common
ivory_coast,22,Evann Guessand,Forward,rare
ivory_coast,23,Alban Lafont,Goalkeeper,common
ivory_coast,24,Bazoumana Touré,Forward,rare
ivory_coast,25,Parfait Guiagon,Midfielder,common
ivory_coast,26,Christ Inao Oulaï,Midfielder,common
japan,1,Zion Suzuki,Goalkeeper,rare
japan,2,Yukinari Sugawara,Defender,common
japan,3,Shōgo Taniguchi,Defender,rare
japan,4,Kō Itakura,Defender,rare
japan,5,Yūto Nagatomo,Defender,rare
japan,6,Wataru Endo,Midfielder,common
japan,7,Ao Tanaka,Midfielder,common
japan,8,Takefusa Kubo,Midfielder,epic
japan,9,Keisuke Gotō,Forward,epic
japan,10,Ritsu Dōan,Midfielder,epic
japan,11,Daizen Maeda,Midfielder,common
japan,12,Keisuke Ōsako,Goalkeeper,rare
japan,13,Keito Nakamura,Midfielder,common
japan,14,Junya Itō,Midfielder,common
japan,15,Daichi Kamada,Midfielder,common
japan,16,Tsuyoshi Watanabe,Defender,common
japan,17,Yuito Suzuki,Midfielder,common
japan,18,Ayase Ueda,Forward,rare
japan,19,Kōki Ogawa,Forward,rare
japan,20,Ayumu Seko,Defender,common
japan,21,Hiroki Itō,Defender,common
japan,22,Takehiro Tomiyasu,Defender,common
japan,23,Tomoki Hayakawa,Goalkeeper,common
japan,24,Kaishū Sano,Midfielder,common
japan,25,Junnosuke Suzuki,Defender,common
japan,26,Kento Shiogai,Forward,rare
jordan,1,Yazeed Abulaila,Goalkeeper,rare
jordan,2,Mohammad Abu Hashish,Defender,common
jordan,3,Abdallah Nasib,Defender,rare
jordan,4,Husam Abu Dahab,Defender,rare
jordan,5,Yazan Al-Arab,Defender,rare
jordan,6,Amer Jamous,Midfielder,common
jordan,7,Mohammad Abu Zrayq,Forward,rare
jordan,8,Noor Al-Rawabdeh,Midfielder,epic
jordan,9,Ali Olwan,Forward,epic
jordan,10,Musa Al-Taamari,Forward,epic
jordan,11,Odeh Al-Fakhouri,Forward,epic
jordan,12,Nour Bani Attiah,Goalkeeper,rare
jordan,13,Mahmoud Al-Mardi,Forward,rare
jordan,14,Rajaei Ayed,Midfielder,common
jordan,15,Ibrahim Sadeh,Midfielder,common
jordan,16,Mo Abualnadi,Defender,common
jordan,17,Salim Obaid,Defender,common
jordan,18,Ibrahim Sabra,Forward,rare
jordan,19,Saed Al-Rosan,Defender,common
jordan,20,Mohannad Abu Taha,Midfielder,common
jordan,21,Nizar Al-Rashdan,Midfielder,common
jordan,22,Abdallah Al-Fakhouri,Goalkeeper,common
jordan,23,Ihsan Haddad,Defender,common
jordan,24,Ali Azaizeh,Forward,rare
jordan,25,Mohammad Al-Dawoud,Midfielder,common
jordan,26,Anas Badawi,Defender,common
mexico,1,Raúl Rangel,Goalkeeper,rare
mexico,2,Jorge Sánchez,Defender,common
mexico,3,César Montes,Defender,rare
mexico,4,Edson Álvarez,Defender,rare
mexico,5,Johan Vásquez,Defender,rare
mexico,6,Érik Lira,Midfielder,common
mexico,7,Luis Romo,Midfielder,common
mexico,8,Álvaro Fidalgo,Midfielder,epic
mexico,9,Raúl Jiménez,Forward,legendary
mexico,10,Alexis Vega,Forward,epic
mexico,11,Santiago Giménez,Forward,epic
mexico,12,Carlos Acevedo,Goalkeeper,rare
mexico,13,Guillermo Ochoa,Goalkeeper,legendary
mexico,14,Armando González,Forward,rare
mexico,15,Israel Reyes,Defender,common
mexico,16,Julián Quiñones,Forward,rare
mexico,17,Orbelín Pineda,Midfielder,common
mexico,18,Obed Vargas,Midfielder,common
mexico,19,Gilberto Mora,Midfielder,common
mexico,20,Mateo Chávez,Defender,common
mexico,21,César Huerta,Forward,rare
mexico,22,Guillermo Martínez,Forward,rare
mexico,23,Jesús Gallardo,Defender,common
mexico,24,Luis Chávez,Midfielder,common
mexico,25,Roberto Alvarado,Forward,rare
mexico,26,Brian Gutiérrez,Midfielder,common
morocco,1,Yassine Bounou,Goalkeeper,rare
morocco,2,Achraf Hakimi,Defender,common
morocco,3,Noussair Mazraoui,Defender,rare
morocco,4,Sofyan Amrabat,Midfielder,common
morocco,5,Nayef Aguerd,Defender,rare
morocco,6,Ayyoub Bouaddi,Midfielder,common
morocco,7,Chemsdine Talbi,Midfielder,common
morocco,8,Azzedine Ounahi,Midfielder,epic
morocco,9,Soufiane Rahimi,Forward,epic
morocco,10,Brahim Díaz,Forward,epic
morocco,11,Ismael Saibari,Midfielder,common
morocco,12,Munir Mohamedi,Goalkeeper,rare
morocco,13,Zakaria El Ouahdi,Defender,common
morocco,14,Issa Diop,Defender,common
morocco,15,Samir El Mourabet,Midfielder,common
morocco,16,Gessime Yassine,Midfielder,common
morocco,17,Abde Ezzalzouli,Forward,rare
morocco,18,Chadi Riad,Defender,common
morocco,19,Youssef Belammari,Defender,common
morocco,20,Ayoub El Kaabi,Forward,rare
morocco,21,Ayoube Amaimouni,Forward,rare
morocco,22,Ahmed Reda Tagnaouti,Goalkeeper,common
morocco,23,Bilal El Khannouss,Midfielder,common
morocco,24,Neil El Aynaoui,Midfielder,common
morocco,25,Redouane Halhal,Defender,common
morocco,26,Anass Salah-Eddine,Defender,common
netherlands,1,Bart Verbruggen,Goalkeeper,rare
netherlands,2,Jurriën Timber,Defender,common
netherlands,3,Marten de Roon,Midfielder,common
netherlands,4,Virgil van Dijk,Defender,rare
netherlands,5,Nathan Aké,Defender,rare
netherlands,6,Jan Paul van Hecke,Defender,common
netherlands,7,Justin Kluivert,Midfielder,common
netherlands,8,Ryan Gravenberch,Midfielder,epic
netherlands,9,Wout Weghorst,Forward,epic
netherlands,10,Memphis Depay,Forward,epic
netherlands,11,Cody Gakpo,Forward,epic
netherlands,12,Mats Wieffer,Defender,common
netherlands,13,Robin Roefs,Goalkeeper,rare
netherlands,14,Tijjani Reijnders,Midfielder,common
netherlands,15,Micky van de Ven,Defender,common
netherlands,16,Guus Til,Midfielder,common
netherlands,17,Noa Lang,Forward,rare
netherlands,18,Donyell Malen,Forward,rare
netherlands,19,Brian Brobbey,Forward,rare
netherlands,20,Teun Koopmeiners,Midfielder,common
netherlands,21,Frenkie de Jong,Midfielder,common
netherlands,22,Denzel Dumfries,Defender,common
netherlands,23,Mark Flekken,Goalkeeper,common
netherlands,24,Crysencio Summerville,Forward,rare
netherlands,25,Jorrel Hato,Defender,common
netherlands,26,Quinten Timber,Midfielder,common
new_zealand,1,Max Crocombe,Goalkeeper,rare
new_zealand,2,Tim Payne,Defender,common
new_zealand,3,Francis de Vries,Defender,rare
new_zealand,4,Tyler Bindon,Defender,rare
new_zealand,5,Michael Boxall,Defender,rare
new_zealand,6,Joe Bell,Midfielder,common
new_zealand,7,Matthew Garbett,Midfielder,common
new_zealand,8,Marko Stamenić,Midfielder,epic
new_zealand,9,Chris Wood,Forward,epic
new_zealand,10,Sarpreet Singh,Midfielder,epic
new_zealand,11,Elijah Just,Midfielder,common
new_zealand,12,Alex Paulsen,Goalkeeper,rare
new_zealand,13,Liberato Cacace,Defender,common
new_zealand,14,Alex Rufer,Midfielder,common
new_zealand,15,Nando Pijnaker,Defender,common
new_zealand,16,Finn Surman,Defender,common
new_zealand,17,Kosta Barbarouses,Forward,rare
new_zealand,18,Ben Waine,Forward,rare
new_zealand,19,Ben Old,Midfielder,common
new_zealand,20,Callum McCowatt,Midfielder,common
new_zealand,21,Jesse Randall,Forward,rare
new_zealand,22,Michael Woud,Goalkeeper,common
new_zealand,23,Ryan Thomas,Midfielder,common
new_zealand,24,Callan Elliot,Defender,common
new_zealand,25,Lachlan Bayliss,Midfielder,common
new_zealand,26,Tommy Smith,Defender,common
norway,1,Ørjan Nyland,Goalkeeper,rare
norway,2,Morten Thorsby,Midfielder,common
norway,3,Kristoffer Ajer,Defender,rare
norway,4,Leo Østigård,Defender,rare
norway,5,David Møller Wolfe,Defender,rare
norway,6,Patrick Berg,Midfielder,common
norway,7,Alexander Sørloth,Forward,rare
norway,8,Sander Berge,Midfielder,epic
norway,9,Erling Haaland,Forward,legendary
norway,10,Martin Ødegaard,Midfielder,epic
norway,11,Jørgen Strand Larsen,Forward,epic
norway,12,Sander Tangvik,Goalkeeper,rare
norway,13,Egil Selvik,Goalkeeper,rare
norway,14,Fredrik Aursnes,Midfielder,common
norway,15,Fredrik André Bjørkan,Defender,common
norway,16,Marcus Holmgren Pedersen,Defender,common
norway,17,Torbjørn Heggem,Defender,common
norway,18,Kristian Thorstvedt,Midfielder,common
norway,19,Thelo Aasgaard,Midfielder,common
norway,20,Antonio Nusa,Forward,rare
norway,21,Andreas Schjelderup,Midfielder,common
norway,22,Oscar Bobb,Midfielder,common
norway,23,Jens Petter Hauge,Midfielder,common
norway,24,Sondre Langås,Defender,common
norway,25,Henrik Falchener,Defender,common
norway,26,Julian Ryerson,Forward,rare
panama,1,Luis Mejía,Goalkeeper,rare
panama,2,César Blackman,Defender,common
panama,3,José Córdoba,Defender,rare
panama,4,Fidel Escobar,Defender,rare
panama,5,Edgardo Fariña,Defender,rare
panama,6,Cristian Martínez,Midfielder,common
panama,7,José Luis Rodríguez,Midfielder,common
panama,8,Adalberto Carrasquilla,Midfielder,epic
panama,9,Tomás Rodríguez,Forward,epic
panama,10,Ismael Díaz,Midfielder,epic
panama,11,Yoel Bárcenas,Midfielder,common
panama,12,César Samudio,Goalkeeper,rare
panama,13,Jiovany Ramos,Defender,common
panama,14,Carlos Harvey,Defender,common
panama,15,Eric Davis,Defender,common
panama,16,Andrés Andrade,Defender,common
panama,17,José Fajardo,Forward,rare
panama,18,Cecilio Waterman,Forward,rare
panama,19,Alberto Quintero,Midfielder,common
panama,20,Aníbal Godoy,Midfielder,common
panama,21,César Yanis,Midfielder,common
panama,22,Orlando Mosquera,Goalkeeper,common
panama,23,Michael Amir Murillo,Defender,common
panama,24,Azarias Londoño,Forward,rare
panama,25,Roderick Miller,Defender,common
panama,26,Jorge Gutiérrez,Defender,common
paraguay,1,Gatito Fernández,Goalkeeper,rare
paraguay,2,Gustavo Velázquez,Defender,common
paraguay,3,Omar Alderete,Defender,rare
paraguay,4,Juan José Cáceres,Defender,rare
paraguay,5,Fabián Balbuena,Defender,rare
paraguay,6,Júnior Alonso,Defender,common
paraguay,7,Ramón Sosa,Midfielder,common
paraguay,8,Diego Gómez,Midfielder,epic
paraguay,9,Antonio Sanabria,Forward,epic
paraguay,10,Miguel Almirón,Midfielder,epic
paraguay,11,Maurício,Midfielder,common
paraguay,12,Orlando Gill,Goalkeeper,rare
paraguay,13,José Canale,Defender,common
paraguay,14,Andrés Cubas,Midfielder,common
paraguay,15,Gustavo Gómez,Defender,common
paraguay,16,Damián Bobadilla,Midfielder,common
paraguay,17,Kaku,Forward,rare
paraguay,18,Álex Arce,Forward,rare
paraguay,19,Julio Enciso,Forward,rare
paraguay,20,Braian Ojeda,Midfielder,common
paraguay,21,Gabriel Ávalos,Forward,rare
paraguay,22,Gastón Olveira,Goalkeeper,common
paraguay,23,Matías Galarza,Midfielder,common
paraguay,24,Gustavo Caballero,Midfielder,common
paraguay,25,Isidro Pitta,Forward,rare
paraguay,26,Alexandro Maidana,Defender,common
portugal,1,Diogo Costa,Goalkeeper,rare
portugal,2,Nélson Semedo,Defender,common
portugal,3,Rúben Dias,Defender,rare
portugal,4,Tomás Araújo,Defender,rare
portugal,5,Diogo Dalot,Defender,rare
portugal,6,Matheus Nunes,Midfielder,common
portugal,7,Cristiano Ronaldo,Forward,legendary
portugal,8,Bruno Fernandes,Midfielder,epic
portugal,9,Gonçalo Ramos,Forward,epic
portugal,10,Bernardo Silva,Midfielder,epic
portugal,11,João Félix,Forward,epic
portugal,12,José Sá,Goalkeeper,rare
portugal,13,Renato Veiga,Defender,common
portugal,14,Gonçalo Inácio,Defender,common
portugal,15,João Neves,Midfielder,common
portugal,16,Francisco Trincão,Forward,rare
portugal,17,Rafael Leão,Forward,rare
portugal,18,Pedro Neto,Forward,rare
portugal,19,Gonçalo Guedes,Forward,rare
portugal,20,João Cancelo,Defender,common
portugal,21,Rúben Neves,Midfielder,common
portugal,22,Rui Silva,Goalkeeper,common
portugal,23,Vitinha,Midfielder,common
portugal,24,Samú Costa,Defender,common
portugal,25,Nuno Mendes,Defender,common
portugal,26,Francisco Conceição,Forward,rare
qatar,1,Mahmud Abunada,Goalkeeper,rare
qatar,2,Pedro Miguel,Defender,common
qatar,3,Lucas Mendes,Defender,rare
qatar,4,Issa Laye,Defender,rare
qatar,5,Jassem Gaber,Defender,rare
qatar,6,Abdulaziz Hatem,Midfielder,common
qatar,7,Ahmed Alaaeldin,Forward,rare
qatar,8,Edmilson Junior,Forward,rare
qatar,9,Mohammed Muntari,Forward,epic
qatar,10,Hassan Al-Haydos,Forward,epic
qatar,11,Akram Afif,Forward,epic
qatar,12,Karim Boudiaf,Midfielder,common
qatar,13,Ayoub Al-Oui,Defender,common
qatar,14,Homam Ahmed,Defender,common
qatar,15,Yusuf Abdurisag,Forward,rare
qatar,16,Boualem Khoukhi,Defender,common
qatar,17,Ahmed Al-Ganehi,Midfielder,common
qatar,18,Sultan Al-Brake,Defender,common
qatar,19,Almoez Ali,Forward,rare
qatar,20,Ahmed Fathy,Midfielder,common
qatar,21,Salah Zakaria,Goalkeeper,common
qatar,22,Meshaal Barsham,Goalkeeper,common
qatar,23,Assim Madibo,Midfielder,common
qatar,24,Tahsin Jamshid,Forward,rare
qatar,25,Al-Hashmi Al-Hussain,Defender,common
qatar,26,Mohamed Manai,Forward,rare
saudi_arabia,1,Nawaf Al-Aqidi,Goalkeeper,rare
saudi_arabia,2,Ali Majrashi,Defender,common
saudi_arabia,3,Ali Lajami,Defender,rare
saudi_arabia,4,Abdulelah Al-Amri,Defender,rare
saudi_arabia,5,Hassan Al-Tambakti,Defender,rare
saudi_arabia,6,Nasser Al-Dawsari,Midfielder,common
saudi_arabia,7,Musab Al-Juwayr,Midfielder,common
saudi_arabia,8,Ayman Yahya,Forward,rare
saudi_arabia,9,Firas Al-Buraikan,Forward,epic
saudi_arabia,10,Salem Al-Dawsari,Forward,epic
saudi_arabia,11,Saleh Al-Shehri,Forward,epic
saudi_arabia,12,Saud Abdulhamid,Defender,common
saudi_arabia,13,Nawaf Boushal,Defender,common
saudi_arabia,14,Hassan Kadesh,Defender,common
saudi_arabia,15,Abdullah Al-Khaibari,Midfielder,common
saudi_arabia,16,Ziyad Al-Johani,Midfielder,common
saudi_arabia,17,Khalid Al-Ghannam,Forward,rare
saudi_arabia,18,Alaa Al-Hejji,Midfielder,common
saudi_arabia,19,Abdullah Al-Hamdan,Forward,rare
saudi_arabia,20,Sultan Mandash,Forward,rare
saudi_arabia,21,Mohammed Al-Owais,Goalkeeper,common
saudi_arabia,22,Ahmed Al-Kassar,Goalkeeper,common
saudi_arabia,23,Mohamed Kanno,Midfielder,common
saudi_arabia,24,Moteb Al-Harbi,Defender,common
saudi_arabia,25,Jehad Thakri,Defender,common
saudi_arabia,26,Mohammed Abu Al-Shamat,Defender,common
scotland,1,Angus Gunn,Goalkeeper,rare
scotland,2,Aaron Hickey,Defender,common
scotland,3,Andy Robertson,Defender,rare
scotland,4,Scott McTominay,Midfielder,common
scotland,5,Grant Hanley,Defender,rare
scotland,6,Kieran Tierney,Defender,common
scotland,7,John McGinn,Midfielder,common
scotland,8,Tyler Fletcher,Midfielder,epic
scotland,9,Lyndon Dykes,Forward,epic
scotland,10,Ché Adams,Forward,epic
scotland,11,Ryan Christie,Midfielder,common
scotland,12,Liam Kelly,Goalkeeper,rare
scotland,13,Jack Hendry,Defender,common
scotland,14,Ross Stewart,Forward,rare
scotland,15,John Souttar,Defender,common
scotland,16,Dominic Hyam,Defender,common
scotland,17,Ben Gannon-Doak,Forward,rare
scotland,18,George Hirst,Forward,rare
scotland,19,Lewis Ferguson,Midfielder,common
scotland,20,Lawrence Shankland,Forward,rare
scotland,21,Craig Gordon,Goalkeeper,common
scotland,22,Nathan Patterson,Defender,common
scotland,23,Kenny McLean,Midfielder,common
scotland,24,Anthony Ralston,Defender,common
scotland,25,Findlay Curtis,Forward,rare
scotland,26,Scott McKenna,Defender,common
senegal,1,Yehvann Diouf,Goalkeeper,rare
senegal,2,Mamadou Sarr,Defender,common
senegal,3,Kalidou Koulibaly,Defender,rare
senegal,4,Abdoulaye Seck,Defender,rare
senegal,5,Idrissa Gueye,Midfielder,common
senegal,6,Pathé Ciss,Midfielder,common
senegal,7,Assane Diao,Forward,rare
senegal,8,Lamine Camara,Midfielder,epic
senegal,9,Bamba Dieng,Forward,epic
senegal,10,Sadio Mané,Forward,epic
senegal,11,Nicolas Jackson,Forward,epic
senegal,12,Cherif Ndiaye,Forward,rare
senegal,13,Iliman Ndiaye,Forward,rare
senegal,14,Ismail Jakobs,Defender,common
senegal,15,Krépin Diatta,Defender,common
senegal,16,Édouard Mendy,Goalkeeper,common
senegal,17,Pape Matar Sarr,Midfielder,common
senegal,18,Ismaïla Sarr,Forward,rare
senegal,19,Moussa Niakhaté,Defender,common
senegal,20,Ibrahim Mbaye,Forward,rare
senegal,21,Habib Diarra,Midfielder,common
senegal,22,Bara Sapoko Ndiaye,Midfielder,common
senegal,23,Mory Diaw,Goalkeeper,common
senegal,24,Antoine Mendy,Defender,common
senegal,25,El Hadji Malick Diouf,Defender,common
senegal,26,Pape Gueye,Midfielder,common
south_africa,1,Ronwen Williams,Goalkeeper,rare
south_africa,2,Thabang Matuludi,Defender,common
south_africa,3,Khulumani Ndamane,Defender,rare
south_africa,4,Teboho Mokoena,Midfielder,common
south_africa,5,Thalente Mbatha,Midfielder,common
south_africa,6,Aubrey Modiba,Defender,common
south_africa,7,Oswin Appollis,Forward,rare
south_africa,8,Tshepang Moremi,Forward,rare
south_africa,9,Lyle Foster,Forward,epic
south_africa,10,Relebohile Mofokeng,Forward,epic
south_africa,11,Themba Zwane,Midfielder,common
south_africa,12,Thapelo Maseko,Forward,rare
south_africa,13,Sphephelo Sithole,Midfielder,common
south_africa,14,Mbekezeli Mbokazi,Defender,common
south_africa,15,Iqraam Rayners,Forward,rare
south_africa,16,Sipho Chaine,Goalkeeper,common
south_africa,17,Evidence Makgopa,Forward,rare
south_africa,18,Samukele Kabini,Defender,common
south_africa,19,Nkosinathi Sibisi,Defender,common
south_africa,20,Khuliso Mudau,Defender,common
south_africa,21,Ime Okon,Defender,common
south_africa,22,Ricardo Goss,Goalkeeper,common
south_africa,23,Jayden Adams,Midfielder,common
south_africa,24,Olwethu Makhanya,Defender,common
south_africa,25,Kamogelo Sebelebele,Forward,rare
south_africa,26,Bradley Cross,Defender,common
south_korea,1,Kim Seung-gyu,Goalkeeper,rare
south_korea,2,Lee Han-beom,Defender,common
south_korea,3,Lee Gi-hyuk,Midfielder,common
south_korea,4,Kim Min-jae,Defender,rare
south_korea,5,Kim Tae-hyeon,Defender,rare
south_korea,6,Hwang In-beom,Midfielder,common
south_korea,7,Son Heung-min,Forward,rare
south_korea,8,Paik Seung-ho,Midfielder,epic
south_korea,9,Cho Gue-sung,Forward,epic
south_korea,10,Lee Jae-sung,Midfielder,epic
south_korea,11,Hwang Hee-chan,Midfielder,common
south_korea,12,Song Bum-keun,Goalkeeper,rare
south_korea,13,Lee Tae-seok,Defender,common
south_korea,14,Cho Wi-je,Defender,common
south_korea,15,Kim Moon-hwan,Defender,common
south_korea,16,Park Jin-seob,Defender,common
south_korea,17,Bae Jun-ho,Midfielder,common
south_korea,18,Oh Hyeon-gyu,Forward,rare
south_korea,19,Lee Kang-in,Midfielder,common
south_korea,20,Yang Hyun-jun,Midfielder,common
south_korea,21,Jo Hyeon-woo,Goalkeeper,common
south_korea,22,Seol Young-woo,Defender,common
south_korea,23,Jens Castrop,Defender,common
south_korea,24,Kim Jin-gyu,Midfielder,common
south_korea,25,Eom Ji-sung,Midfielder,common
south_korea,26,Lee Dong-gyeong,Midfielder,common
spain,1,David Raya,Goalkeeper,rare
spain,2,Marc Pubill,Defender,common
spain,3,Álex Grimaldo,Defender,rare
spain,4,Eric García,Defender,rare
spain,5,Marcos Llorente,Defender,rare
spain,6,Mikel Merino,Midfielder,common
spain,7,Ferran Torres,Forward,rare
spain,8,Fabián Ruiz,Midfielder,epic
spain,9,Gavi,Midfielder,common
spain,10,Dani Olmo,Forward,epic
spain,11,Yéremy Pino,Forward,epic
spain,12,Pedro Porro,Defender,common
spain,13,Joan Garcia,Goalkeeper,rare
spain,14,Aymeric Laporte,Defender,common
spain,15,Álex Baena,Midfielder,common
spain,16,Rodri,Midfielder,legendary
spain,17,Nico Williams,Forward,rare
spain,18,Martín Zubimendi,Midfielder,common
spain,19,Lamine Yamal,Forward,legendary
spain,20,Pedri,Midfielder,common
spain,21,Mikel Oyarzabal,Forward,rare
spain,22,Pau Cubarsí,Defender,common
spain,23,Unai Simón,Goalkeeper,common
spain,24,Marc Cucurella,Defender,common
spain,25,Víctor Muñoz,Forward,rare
spain,26,Borja Iglesias,Forward,rare
sweden,1,Jacob Widell Zetterström,Goalkeeper,rare
sweden,2,Gustaf Lagerbielke,Defender,common
sweden,3,Victor Lindelöf,Defender,rare
sweden,4,Isak Hien,Defender,rare
sweden,5,Gabriel Gudmundsson,Defender,rare
sweden,6,Herman Johansson,Defender,common
sweden,7,Lucas Bergvall,Midfielder,common
sweden,8,Daniel Svensson,Defender,common
sweden,9,Alexander Isak,Forward,epic
sweden,10,Benjamin Nygren,Midfielder,epic
sweden,11,Anthony Elanga,Forward,epic
sweden,12,Viktor Johansson,Goalkeeper,rare
sweden,13,Ken Sema,Midfielder,common
sweden,14,Hjalmar Ekdal,Defender,common
sweden,15,Carl Starfelt,Defender,common
sweden,16,Jesper Karlström,Midfielder,common
sweden,17,Viktor Gyökeres,Forward,rare
sweden,18,Yasin Ayari,Midfielder,common
sweden,19,Mattias Svanberg,Midfielder,common
sweden,20,Eric Smith,Defender,common
sweden,21,Alexander Bernhardsson,Defender,common
sweden,22,Besfort Zeneli,Midfielder,common
sweden,23,Kristoffer Nordfeldt,Goalkeeper,common
sweden,24,Elliot Stroud,Defender,common
sweden,25,Gustaf Nilsson,Forward,rare
sweden,26,Taha Ali,Forward,rare
switzerland,1,Gregor Kobel,Goalkeeper,rare
switzerland,2,Miro Muheim,Defender,common
switzerland,3,Silvan Widmer,Defender,rare
switzerland,4,Nico Elvedi,Defender,rare
switzerland,5,Manuel Akanji,Defender,rare
switzerland,6,Denis Zakaria,Midfielder,common
switzerland,7,Breel Embolo,Forward,rare
switzerland,8,Remo Freuler,Midfielder,epic
switzerland,9,Johan Manzambi,Midfielder,common
switzerland,10,Granit Xhaka,Midfielder,epic
switzerland,11,Dan Ndoye,Forward,epic
switzerland,12,Yvon Mvogo,Goalkeeper,rare
switzerland,13,Ricardo Rodriguez,Defender,common
switzerland,14,Ardon Jashari,Midfielder,common
switzerland,15,Djibril Sow,Midfielder,common
switzerland,16,Christian Fassnacht,Forward,rare
switzerland,17,Rubén Vargas,Forward,rare
switzerland,18,Eray Cömert,Defender,common
switzerland,19,Noah Okafor,Forward,rare
switzerland,20,Michel Aebischer,Midfielder,common
switzerland,21,Marvin Keller,Goalkeeper,common
switzerland,22,Fabian Rieder,Midfielder,common
switzerland,23,Zeki Amdouni,Forward,rare
switzerland,24,Aurèle Amenda,Defender,common
switzerland,25,Luca Jaquez,Defender,common
switzerland,26,Cedric Itten,Forward,rare
tunisia,1,Mouhib Chamakh,Goalkeeper,rare
tunisia,2,Ali Abdi,Defender,common
tunisia,3,Montassar Talbi,Defender,rare
tunisia,4,Omar Rekik,Defender,rare
tunisia,5,Adem Arous,Defender,rare
tunisia,6,Dylan Bronn,Defender,common
tunisia,7,Elias Achouri,Forward,rare
tunisia,8,Elias Saad,Forward,rare
tunisia,9,Hazem Mastouri,Forward,epic
tunisia,10,Hannibal Mejbri,Midfielder,epic
tunisia,11,Ismaël Gharbi,Midfielder,common
tunisia,12,Mortadha Ben Ouanes,Defender,common
tunisia,13,Rani Khedira,Midfielder,common
tunisia,14,Khalil Ayari,Midfielder,common
tunisia,15,Hadj Mahmoud,Midfielder,common
tunisia,16,Aymen Dahmen,Goalkeeper,common
tunisia,17,Ellyes Skhiri,Midfielder,common
tunisia,18,Rayan Elloumi,Forward,rare
tunisia,19,Firas Chaouat,Forward,rare
tunisia,20,Yan Valery,Defender,common
tunisia,21,Mohamed Amine Ben Hamida,Defender,common
tunisia,22,Sabri Ben Hessen,Goalkeeper,common
tunisia,23,Moutaz Neffati,Defender,common
tunisia,24,Raed Chikhaoui,Defender,common
tunisia,25,Anis Ben Slimane,Midfielder,common
tunisia,26,Sebastian Tounekti,Midfielder,common
turkiye,1,Mert Günok,Goalkeeper,rare
turkiye,2,Zeki Çelik,Defender,common
turkiye,3,Merih Demiral,Defender,rare
turkiye,4,Çağlar Söyüncü,Defender,rare
turkiye,5,Salih Özcan,Midfielder,common
turkiye,6,Orkun Kökçü,Midfielder,common
turkiye,7,Kerem Aktürkoğlu,Forward,rare
turkiye,8,Arda Güler,Forward,rare
turkiye,9,Deniz Gül,Forward,epic
turkiye,10,Hakan Çalhanoğlu,Midfielder,epic
turkiye,11,Kenan Yıldız,Forward,epic
turkiye,12,Altay Bayındır,Goalkeeper,rare
turkiye,13,Eren Elmalı,Defender,common
turkiye,14,Abdülkerim Bardakcı,Defender,common
turkiye,15,Ozan Kabak,Defender,common
turkiye,16,İsmail Yüksek,Midfielder,common
turkiye,17,İrfan Can Kahveci,Forward,rare
turkiye,18,Mert Müldür,Defender,common
turkiye,19,Yunus Akgün,Forward,rare
turkiye,20,Ferdi Kadıoğlu,Defender,common
turkiye,21,Barış Alper Yılmaz,Forward,rare
turkiye,22,Kaan Ayhan,Midfielder,common
turkiye,23,Uğurcan Çakır,Goalkeeper,common
turkiye,24,Oğuz Aydın,Forward,rare
turkiye,25,Samet Akaydin,Defender,common
turkiye,26,Can Uzun,Forward,rare
united_states,1,Matt Turner,Goalkeeper,rare
united_states,2,Sergiño Dest,Defender,common
united_states,3,Chris Richards,Defender,rare
united_states,4,Tyler Adams,Midfielder,common
united_states,5,Antonee Robinson,Defender,rare
united_states,6,Auston Trusty,Defender,common
united_states,7,Giovanni Reyna,Midfielder,common
united_states,8,Weston McKennie,Midfielder,epic
united_states,9,Ricardo Pepi,Forward,epic
united_states,10,Christian Pulisic,Forward,epic
united_states,11,Brenden Aaronson,Forward,epic
united_states,12,Miles Robinson,Defender,common
united_states,13,Tim Ream,Defender,common
united_states,14,Sebastian Berhalter,Midfielder,common
united_states,15,Cristian Roldan,Midfielder,common
united_states,16,Alex Freeman,Defender,common
united_states,17,Malik Tillman,Midfielder,common
united_states,18,Maximilian Arfsten,Defender,common
united_states,19,Haji Wright,Forward,rare
united_states,20,Folarin Balogun,Forward,rare
united_states,21,Timothy Weah,Forward,rare
united_states,22,Mark McKenzie,Defender,common
united_states,23,Joe Scally,Defender,common
united_states,24,Matt Freese,Goalkeeper,common
united_states,25,Chris Brady,Goalkeeper,common
united_states,26,Alejandro Zendejas,Forward,rare
uruguay,1,Sergio Rochet,Goalkeeper,rare
uruguay,2,José María Giménez,Defender,common
uruguay,3,Sebastián Cáceres,Defender,rare
uruguay,4,Ronald Araújo,Defender,rare
uruguay,5,Manuel Ugarte,Midfielder,common
uruguay,6,Rodrigo Bentancur,Midfielder,common
uruguay,7,Nicolás de la Cruz,Midfielder,common
uruguay,8,Federico Valverde,Midfielder,epic
uruguay,9,Darwin Núñez,Forward,epic
uruguay,10,Giorgian de Arrascaeta,Midfielder,epic
uruguay,11,Facundo Pellistri,Forward,epic
uruguay,12,Santiago Mele,Goalkeeper,rare
uruguay,13,Guillermo Varela,Defender,common
uruguay,14,Agustín Canobbio,Midfielder,common
uruguay,15,Emiliano Martínez,Midfielder,common
uruguay,16,Mathías Olivera,Defender,common
uruguay,17,Matías Viña,Defender,common
uruguay,18,Brian Rodríguez,Forward,rare
uruguay,19,Rodrigo Aguirre,Forward,rare
uruguay,20,Maximiliano Araújo,Midfielder,common
uruguay,21,Federico Viñas,Forward,rare
uruguay,22,Joaquín Piquerez,Midfielder,common
uruguay,23,Fernando Muslera,Goalkeeper,common
uruguay,24,Santiago Bueno,Defender,common
uruguay,25,Juan Manuel Sanabria,Midfielder,common
uruguay,26,Rodrigo Zalazar,Midfielder,common
uzbekistan,1,Utkir Yusupov,Goalkeeper,rare
uzbekistan,2,Abdukodir Khusanov,Defender,common
uzbekistan,3,Khojiakbar Alijonov,Defender,rare
uzbekistan,4,Farrukh Sayfiev,Defender,rare
uzbekistan,5,Rustam Ashurmatov,Defender,rare
uzbekistan,6,Akmal Mozgovoy,Midfielder,common
uzbekistan,7,Otabek Shukurov,Midfielder,common
uzbekistan,8,Jamshid Iskanderov,Midfielder,epic
uzbekistan,9,Odiljon Hamrobekov,Midfielder,common
uzbekistan,10,Jaloliddin Masharipov,Midfielder,epic
uzbekistan,11,Oston Urunov,Midfielder,common
uzbekistan,12,Abduvohid Nematov,Goalkeeper,rare
uzbekistan,13,Sherzod Nasrullaev,Defender,common
uzbekistan,14,Eldor Shomurodov,Forward,rare
uzbekistan,15,Umar Eshmurodov,Defender,common
uzbekistan,16,Botirali Ergashev,Goalkeeper,common
uzbekistan,17,Dostonbek Khamdamov,Midfielder,common
uzbekistan,18,Abdulla Abdullaev,Defender,common
uzbekistan,19,Azizjon Ganiev,Midfielder,common
uzbekistan,20,Azizbek Amonov,Forward,rare
uzbekistan,21,Igor Sergeev,Forward,rare
uzbekistan,22,Abbosbek Fayzullaev,Midfielder,common
uzbekistan,23,Sherzod Esanov,Midfielder,common
uzbekistan,24,Bekhruz Karimov,Defender,common
uzbekistan,25,Avazbek Ulmasaliev,Defender,common
uzbekistan,26,Jakhongir Urozov,Defender,common
